station_line,station,linename,objectid
WHITEHALL STR1,WHITEHALL ST,R1,421
SOUTH FERRYR1,SOUTH FERRY,R1,418
FULTON STACJZ2345,FULTON ST,ACJZ2345,413
FULTON STACJZ2345,FULTON ST,ACJZ2345,402
FULTON STACJZ2345,FULTON ST,ACJZ2345,360
FULTON STACJZ2345,FULTON ST,ACJZ2345,427
CYPRESS HILLSJ,CYPRESS HILLS,J,228
ELDERTS LANEJZ,ELDERTS LANE,JZ,229
FOREST PARKWAYJ,FOREST PARKWAY,J,207
WOODHAVEN BLVDJZ,WOODHAVEN BLVD,JZ,208
104 STA,104 ST,A,98
104 STJZ,104 ST,JZ,14
111 STA,111 ST,A,83
111 STJ,111 ST,J,209
121 STJZ,121 ST,JZ,210
42 ST-PA BUS TEACENQRS1237,42 ST-PA BUS TE,ACENQRS1237,362
34 ST-PENN STAACE,34 ST-PENN STA,ACE,437
FULTON ST2345ACJZ,FULTON ST,2345ACJZ,413
FULTON ST2345ACJZ,FULTON ST,2345ACJZ,402
FULTON ST2345ACJZ,FULTON ST,2345ACJZ,360
FULTON ST2345ACJZ,FULTON ST,2345ACJZ,427
5 AV-53 STEM,5 AV-53 ST,EM,142
LEXINGTON-53 STEM6,LEXINGTON-53 ST,EM6,143
ROOSEVELT AVEFMR7,ROOSEVELT AV,EFMR7,231
ROOSEVELT AVEFMR7,ROOSEVELT AV,EFMR7,438
JAMAICA-179 STF,JAMAICA-179 ST,F,279
47-50 ST-ROCKBDFM,47-50 ST-ROCK,BDFM,349
42 ST-BRYANT PKBDFM7,42 ST-BRYANT PK,BDFM7,60
34 ST-HERALD SQBDFMNQR,34 ST-HERALD SQ,BDFMNQR,145
34 ST-HERALD SQBDFMNQR,34 ST-HERALD SQ,BDFMNQR,366
SUTPHIN BLVDEJZ,SUTPHIN BLVD,EJZ,65
JAMAICA CENTEREJZ,JAMAICA CENTER,EJZ,247
WALL ST23,WALL ST,23,430
PARK PLACE23ACE,PARK PLACE,23ACE,403
WORLD TRADE CTR23ACE,WORLD TRADE CTR,23ACE,409
CHAMBERS STACE23,CHAMBERS ST,ACE23,361
CHAMBERS ST123,CHAMBERS ST,123,404
34 ST-PENN STA123,34 ST-PENN STA,123,358
42 ST-TIMES SQ1237ACENQRS,42 ST-TIMES SQ,1237ACENQRS,80
42 ST-TIMES SQACENQRS1237,42 ST-TIMES SQ,ACENQRS1237,147
42 ST-TIMES SQACENQRS1237,42 ST-TIMES SQ,ACENQRS1237,197
42 ST-TIMES SQACENQRS1237,42 ST-TIMES SQ,ACENQRS1237,359
42 ST-TIMES SQ1237ACENQRS,42 ST-TIMES SQ,1237ACENQRS,80
42 ST-TIMES SQ1237ACENQRS,42 ST-TIMES SQ,1237ACENQRS,147
42 ST-TIMES SQ1237ACENQRS,42 ST-TIMES SQ,1237ACENQRS,197
42 ST-TIMES SQ1237ACENQRS,42 ST-TIMES SQ,1237ACENQRS,359
125 ST1,125 ST,1,287
168 ST-BROADWAY1AC,168 ST-BROADWAY,1AC,58
168 ST-BROADWAY1AC,168 ST-BROADWAY,1AC,177
168 ST-BROADWAYAC1,168 ST-BROADWAY,AC1,58
168 ST-BROADWAYAC1,168 ST-BROADWAY,AC1,177
DYCKMAN ST1,DYCKMAN ST,1,286
207 ST1,207 ST,1,269
215 ST1,215 ST,1,268
MARBLE HILL-2251,MARBLE HILL-225,1,266
231 ST1,231 ST,1,267
BOWLING GREEN45,BOWLING GREEN,45,419
WALL ST45,WALL ST,45,420
BROOKLYN BRIDGE456JZ,BROOKLYN BRIDGE,456JZ,29
BROOKLYN BRIDGEJZ456,BROOKLYN BRIDGE,JZ456,29
CHAMBERS ST456JZ,CHAMBERS ST,456JZ,414
CHAMBERS STJZ456,CHAMBERS ST,JZ456,414
42 ST-GRD CNTRL4567S,42 ST-GRD CNTRL,4567S,31
42 ST-GRD CNTRL4567S,42 ST-GRD CNTRL,4567S,81
42 ST-GRD CNTRL4567S,42 ST-GRD CNTRL,4567S,204
51 ST6,51 ST,6,85
59 ST456NQR,59 ST,456NQR,49
59 ST456NQR,59 ST,456NQR,357
LEXINGTON AV456NQR,LEXINGTON AV,456NQR,49
LEXINGTON AV456NQR,LEXINGTON AV,456NQR,357
WOODLAWN ROAD4,WOODLAWN ROAD,4,456
149 ST-3 AV25,149 ST-3 AV,25,290
5 AV-BRYANT PK7BDFM,5 AV-BRYANT PK,7BDFM,466
MAIN ST7,MAIN ST,7,25
NEVINS ST2345,NEVINS ST,2345,128
ATLANTIC AV2345BDNQR,ATLANTIC AV,2345BDNQR,116
ATLANTIC AV2345BDNQR,ATLANTIC AV,2345BDNQR,121
ATLANTIC AV2345BDNQR,ATLANTIC AV,2345BDNQR,122
ATLANTIC AV2345BDNQR,ATLANTIC AV,2345BDNQR,123
ATLANTIC AVBDNQR2345,ATLANTIC AV,BDNQR2345,116
ATLANTIC AVBDNQR2345,ATLANTIC AV,BDNQR2345,121
ATLANTIC AVBDNQR2345,ATLANTIC AV,BDNQR2345,123
ATLANTIC AVBDNQR2345,ATLANTIC AV,BDNQR2345,122
PACIFIC STBDNQR2345,PACIFIC ST,BDNQR2345,116
PACIFIC STBDNQR2345,PACIFIC ST,BDNQR2345,121
PACIFIC STBDNQR2345,PACIFIC ST,BDNQR2345,123
BERGEN ST23,BERGEN ST,23,4
GRAND ARMY PLAZ23,GRAND ARMY PLAZ,23,115
EASTERN PKWY23,EASTERN PKWY,23,129
NOSTRAND AV3,NOSTRAND AV,3,445
CROWN HTS-UTICA34,CROWN HTS-UTICA,34,135
SUTTER AV3,SUTTER AV,3,222
SARATOGA AV3,SARATOGA AV,3,221
ROCKAWAY AV3,ROCKAWAY AV,3,218
JUNIUS ST3,JUNIUS ST,3,217
PENNSYLVANIA AV3,PENNSYLVANIA AV,3,5
VAN SICLEN AVE3,VAN SICLEN AVE,3,46
NEW LOTS AV3,NEW LOTS AV,3,213
ST. GEORGE1,ST. GEORGE,1,
2 BDWY CUST SRV45,2 BDWY CUST SRV,45,419
5 AV-59 STNQR,5 AV-59 ST,NQR,356
57 ST-7 AVNQR,57 ST-7 AV,NQR,355
49 ST-7 AVNQR,49 ST-7 AV,NQR,354
28 ST-BROADWAYNR,28 ST-BROADWAY,NR,144
28 ST-BROADWAYNR,28 ST-BROADWAY,NR,393
23 ST-5 AVNR,23 ST-5 AV,NR,380
59 ST-COLUMBUS1ABCD,59 ST-COLUMBUS,1ABCD,353
59 ST-COLUMBUS1ABCD,59 ST-COLUMBUS,1ABCD,94
59 ST-COLUMBUSABCD1,59 ST-COLUMBUS,ABCD1,353
59 ST-COLUMBUSABCD1,59 ST-COLUMBUS,ABCD1,94
8 ST-B'WAY NYUNR,8 ST-B'WAY NYU,NR,401
PRINCE ST-B'WAYNR,PRINCE ST-B'WAY,NR,400
MURRAY ST-B'WAYR,MURRAY ST-B'WAY,R,416
CORTLANDT STR,CORTLANDT ST,R,429
JAY ST-METROTECR,JAY ST-METROTEC,R,377
BEEBE-39 AVNQ,BEEBE-39 AV,NQ,155
WASHINGTON-36 ANQ,WASHINGTON-36 A,NQ,78
BROADWAY-31 STNQ,BROADWAY-31 ST,NQ,79
GRAND-30 AVNQ,GRAND-30 AV,NQ,304
HOYT ST-ASTORIANQ,HOYT ST-ASTORIA,NQ,251
DITMARS BL-31 SNQ,DITMARS BL-31 S,NQ,252
82 ST-JACKSON H7,82 ST-JACKSON H,7,240
JUNCTION BLVD7,JUNCTION BLVD,7,24
CHURCH AVBQ,CHURCH AV,BQ,112
DEKALB AVBDNQR,DEKALB AV,BDNQR,15
METROPOLITAN AVM,METROPOLITAN AV,M,424
145 STABCD,145 ST,ABCD,295
BROADWAY-ENYACJLZ,BROADWAY-ENY,ACJLZ,224
BROADWAY-ENYACJLZ,BROADWAY-ENY,ACJLZ,283
BROADWAY-ENYACJLZ,BROADWAY-ENY,ACJLZ,386
167 STBD,167 ST,BD,22
14 ST123FLM,14 ST,123FLM,439
14 ST123FLM,14 ST,123FLM,441
14 STFLM123,14 ST,FLM123,439
14 STFLM123,14 ST,FLM123,441
CASTLE HILL AV6,CASTLE HILL AV,6,28
WESTCHESTER SQ6,WESTCHESTER SQ,6,202
BOROUGH HALL/CT2345R,BOROUGH HALL/CT,2345R,123
BOROUGH HALL/CT2345R,BOROUGH HALL/CT,2345R,406
BOROUGH HALL/CT2345R,BOROUGH HALL/CT,2345R,378
BOROUGH HALL/CTR2345,BOROUGH HALL/CT,R2345,123
BOROUGH HALL/CTR2345,BOROUGH HALL/CT,R2345,406
BOROUGH HALL/CTR2345,BOROUGH HALL/CT,R2345,378
CHURCH AV25,CHURCH AV,25,131
FLATBUSH AV25,FLATBUSH AV,25,133
23 STCE,23 ST,CE,436
FORDHAM ROADBD,FORDHAM ROAD,BD,263
7 AV-53 STBDE,7 AV-53 ST,BDE,348
PARSONS BLVDF,PARSONS BLVD,F,187
169 STF,169 ST,F,188
50 ST1,50 ST,1,3
242 ST1,242 ST,1,271
CANAL STJNQRZ6,CANAL ST,JNQRZ6,417
CANAL STJNQRZ6,CANAL ST,JNQRZ6,415
CANAL STJNQRZ6,CANAL ST,JNQRZ6,2
FORDHAM ROAD4,FORDHAM ROAD,4,408
MORRISON AV6,MORRISON AV,6,51
QUEENSBORO PLZ7NQ,QUEENSBORO PLZ,7NQ,103
90 ST-ELMHURST7,90 ST-ELMHURST,7,241
FRANKLIN AV2345S,FRANKLIN AV,2345S,42
FRANKLIN AV2345S,FRANKLIN AV,2345S,281
KINGSTON AV3,KINGSTON AV,3,136
BROAD STJZ,BROAD ST,JZ,428
175 STA,175 ST,A,180
JAY ST-METROTECACF,JAY ST-METROTEC,ACF,368
SUTPHIN BLVDF,SUTPHIN BLVD,F,246
BERGEN STFG,BERGEN ST,FG,376
KINGS HIGHWAYF,KINGS HIGHWAY,F,326
23 ST6,23 ST,6,92
125 ST456,125 ST,456,468
MOSHOLU PARKWAY4,MOSHOLU PARKWAY,4,274
HUNTERS PT AV7,HUNTERS PT AV,7,95
NEWKIRK AV25,NEWKIRK AV,25,132
SHEEPSHEAD BAYBQ,SHEEPSHEAD BAY,BQ,328
MYRTLE AVLM,MYRTLE AV,LM,212
MYRTLE AVLM,MYRTLE AV,LM,233
W 4 ST-WASH SQABCDEFM,W 4 ST-WASH SQ,ABCDEFM,84
W 4 ST-WASH SQABCDEFM,W 4 ST-WASH SQ,ABCDEFM,206
CANAL STACE,CANAL ST,ACE,410
QUEENS PLAZAEMR,QUEENS PLAZA,EMR,307
FOREST HILLS-71EFMR,FOREST HILLS-71,EFMR,245
ESSEX STFJMZ,ESSEX ST,FJMZ,11
ESSEX STFJMZ,ESSEX ST,FJMZ,370
DELANCEY STFJMZ,DELANCEY ST,FJMZ,11
DELANCEY STFJMZ,DELANCEY ST,FJMZ,370
28 ST6,28 ST,6,200
96 ST6,96 ST,6,33
WAKEFIELD-2412,WAKEFIELD-241,2,280
HUNTS POINT AV6,HUNTS POINT AV,6,89
61 ST/WOODSIDE7,61 ST/WOODSIDE,7,54
PARKSIDE AVBQ,PARKSIDE AV,BQ,114
NEWKIRK AVBQ,NEWKIRK AV,BQ,113
AVE UBQ,AVE U,BQ,329
STILLWELL AVDFNQ,STILLWELL AV,DFNQ,469
ROCKAWAY PKYL,ROCKAWAY PKY,L,219
UTICA AVAC,UTICA AV,AC,298
TREMONT AVBD,TREMONT AV,BD,171
KINGSBRIDGE RDBD,KINGSBRIDGE RD,BD,59
BEDFORD PARK BLBD,BEDFORD PARK BL,BD,265
NORWOOD-205 STD,NORWOOD-205 ST,D,275
UNION TPK-KEW GEF,UNION TPK-KEW G,EF,64
116 ST-COLUMBIA1,116 ST-COLUMBIA,1,167
ASTOR PLACE6,ASTOR PLACE,6,1
KINGSBRIDGE RD4,KINGSBRIDGE RD,4,259
ELDER AV6,ELDER AV,6,249
14 ST-6 AVFLM123,14 ST-6 AV,FLM123,439
14 ST-6 AVFLM123,14 ST-6 AV,FLM123,441
6 AVFLM123,6 AV,FLM123,442
66 ST-LINCOLN1,66 ST-LINCOLN,1,88
79 ST1,79 ST,1,193
86 ST1,86 ST,1,86
96 ST123,96 ST,123,158
137 ST-CITY COL1,137 ST-CITY COL,1,172
14 ST-UNION SQLNQR456,14 ST-UNION SQ,LNQR456,105
14 ST-UNION SQLNQR456,14 ST-UNION SQ,LNQR456,379
14 ST-UNION SQLNQR456,14 ST-UNION SQ,LNQR456,384
14 ST-UNION SQ456LNQR,14 ST-UNION SQ,456LNQR,105
14 ST-UNION SQ456LNQR,14 ST-UNION SQ,456LNQR,379
14 ST-UNION SQ456LNQR,14 ST-UNION SQ,456LNQR,384
7 AVBQ,7 AV,BQ,120
BRIGHTON BEACHBQ,BRIGHTON BEACH,BQ,327
INWOOD-207 STA,INWOOD-207 ST,A,270
181 STA,181 ST,A,396
8 AVACEL,8 AV,ACEL,443
8 AVACEL,8 AV,ACEL,444
14 STACEL,14 ST,ACEL,443
14 STACEL,14 ST,ACEL,444
33 ST6,33 ST,6,32
68ST-HUNTER COL6,68ST-HUNTER COL,6,102
77 ST6,77 ST,6,34
86 ST456,86 ST,456,451
103 ST6,103 ST,6,458
110 ST6,110 ST,6,450
116 ST6,116 ST,6,462
BEDFORD PARK BL4,BEDFORD PARK BL,4,260
CORTELYOU ROADBQ,CORTELYOU ROAD,BQ,461
DYCKMAN-200 STA,DYCKMAN-200 ST,A,431
86 STBC,86 ST,BC,165
81 ST-MUSEUMBC,81 ST-MUSEUM,BC,163
50 STCE,50 ST,CE,347
CHRISTOPHER ST1,CHRISTOPHER ST,1,195
23 ST1,23 ST,1,96
103 ST1,103 ST,1,159
110 ST-CATHEDRL1,110 ST-CATHEDRL,1,166
157 ST1,157 ST,1,157
BLEECKER ST6DF,BLEECKER ST,6DF,457
161 ST-YANKEEBD4,161 ST-YANKEE,BD4,48
161 ST-YANKEEBD4,161 ST-YANKEE,BD4,297
161 ST-YANKEE4BD,161 ST-YANKEE,4BD,48
161 ST-YANKEE4BD,161 ST-YANKEE,4BD,297
PROSPECT PARKBQS,PROSPECT PARK,BQS,61
36 STDNR,36 ST,DNR,389
NOSTRAND AVAC,NOSTRAND AV,AC,127
KINGSTON-THROOPC,KINGSTON-THROOP,C,8
EUCLID AVAC,EUCLID AV,AC,459
WOODHAVEN BLVDMR,WOODHAVEN BLVD,MR,232
63 DR-REGO PARKMR,63 DR-REGO PARK,MR,191
23 ST-6 AVFM,23 ST-6 AV,FM,365
CHURCH AVFG,CHURCH AV,FG,110
149/GRAND CONC245,149/GRAND CONC,245,47
149/GRAND CONC245,149/GRAND CONC,245,289
149 ST-GR CONC245,149 ST-GR CONC,245,47
149 ST-GR CONC245,149 ST-GR CONC,245,289
125 ST23,125 ST,23,168
135 ST23,135 ST,23,169
103 ST-CORONA7,103 ST-CORONA,7,189
STERLING ST25,STERLING ST,25,134
BEVERLY ROAD25,BEVERLY ROAD,25,130
KINGS HIGHWAYBQ,KINGS HIGHWAY,BQ,330
59 STNR,59 ST,NR,387
BAY RIDGE AVR,BAY RIDGE AV,R,310
77 STR,77 ST,R,309
86 STR,86 ST,R,318
BAY RIDGE-95 STR,BAY RIDGE-95 ST,R,317
HOYT/SCHERMERACG,HOYT/SCHERMER,ACG,367
ELMHURST AVMR,ELMHURST AV,MR,37
67 AVMR,67 AV,MR,67
CARROLL STFG,CARROLL ST,FG,394
167 ST4,167 ST,4,291
E 177 ST-PARKCH6,E 177 ST-PARKCH,6,463
46 ST-BLISS ST7,46 ST-BLISS ST,7,239
CLARK ST23,CLARK ST,23,446
HOYT ST23,HOYT ST,23,405
GUN HILL ROAD5,GUN HILL ROAD,5,284
RECTOR STR,RECTOR ST,R,422
AVE JBQ,AVE J,BQ,343
AVE MBQ,AVE M,BQ,340
NECK ROADBQ,NECK ROAD,BQ,345
UNION STR,UNION ST,R,36
45 STR,45 ST,R,388
53 STR,53 ST,R,391
50 STD,50 ST,D,311
BEDFORD AVL,BEDFORD AV,L,151
DEKALB AVL,DEKALB AV,L,235
182-183 STBD,182-183 ST,BD,20
STEINWAY STMR,STEINWAY ST,MR,299
GREENPOINT AVG,GREENPOINT AV,G,138
GRAND STBD,GRAND ST,BD,432
15 ST-PROSPECTFG,15 ST-PROSPECT,FG,107
18 AVF,18 AV,F,308
170 ST4,170 ST,4,264
BURNSIDE AV4,BURNSIDE AV,4,175
ST LAWRENCE AV6,ST LAWRENCE AV,6,53
PROSPECT AVR,PROSPECT AV,R,381
55 STD,55 ST,D,62
1 AVL,1 AV,L,146
GRAHAM AVL,GRAHAM AV,L,150
GRAND STL,GRAND ST,L,149
96 STBC,96 ST,BC,57
HIGH STAC,HIGH ST,AC,453
174-175 STBD,174-175 ST,BD,21
GRAND AV-NEWTONMR,GRAND AV-NEWTON,MR,68
VAN WYCK BLVDEF,VAN WYCK BLVD,EF,244
NASSAU AVG,NASSAU AV,G,137
EAST BROADWAYF,EAST BROADWAY,F,369
4 AVDFGMNR,4 AV,DFGMNR,374
4 AVDFGMNR,4 AV,DFGMNR,382
9 STDFGMNR,9 ST,DFGMNR,374
9 STDFGMNR,9 ST,DFGMNR,382
ROOSEVELT ISF,ROOSEVELT IS,F,352
181 ST1,181 ST,1,178
40 ST-LOWERY ST7,40 ST-LOWERY ST,7,294
BEVERLEY ROADBQ,BEVERLEY ROAD,BQ,111
AVENUE HBQ,AVENUE H,BQ,344
OCEAN PARKWAYQ,OCEAN PARKWAY,Q,100
MONTROSE AVL,MONTROSE AV,L,152
HALSEY STL,HALSEY ST,L,211
46 STMR,46 ST,MR,237
METROPOLITAN AVGL,METROPOLITAN AV,GL,148
LORIMER STGL,LORIMER ST,GL,72
BEDFORD/NOSTRANG,BEDFORD/NOSTRAN,G,106
SMITH-9 STFG,SMITH-9 ST,FG,375
AVENUE XF,AVENUE X,F,334
28 ST1,28 ST,1,199
145 ST1,145 ST,1,156
191 ST1,191 ST,1,179
183 ST4,183 ST,4,407
VERNON/JACKSON7,VERNON/JACKSON,7,101
PRESIDENT ST25,PRESIDENT ST,25,455
25 STR,25 ST,R,393
JEFFERSON STL,JEFFERSON ST,L,305
190 STA,190 ST,A,397
72 STBC,72 ST,BC,56
SPRING STCE,SPRING ST,CE,395
LAFAYETTE AVC,LAFAYETTE AV,C,454
CLINTON-WASH AVC,CLINTON-WASH AV,C,448
FAR ROCKAWAYA,FAR ROCKAWAY,A,55
MYRTLE-WILLOUGHG,MYRTLE-WILLOUGH,G,363
CLASSON AVG,CLASSON AV,G,70
7 AV-PARK SLOPEFG,7 AV-PARK SLOPE,FG,108
FT HAMILTON PKYFG,FT HAMILTON PKY,FG,109
HOUSTON ST1,HOUSTON ST,1,97
33 ST/RAWSON ST7,33 ST/RAWSON ST,7,293
34 ST-PENN STA123ACE,34 ST-PENN STA,123ACE,358
34 ST-PENN STA123ACE,34 ST-PENN STA,123ACE,437
MORGAN AVL,MORGAN AV,L,306
WILSON AVL,WILSON AV,L,74
163 ST-AMSTERDMC,163 ST-AMSTERDM,C,412
FRANKLIN AVACS,FRANKLIN AV,ACS,447
FRANKLIN AVACS,FRANKLIN AV,ACS,288
NORTHERN BLVDMR,NORTHERN BLVD,MR,238
BROADWAYG,BROADWAY,G,71
2 AVF,2 AV,F,371
YORK STF,YORK ST,F,452
57 STF,57 ST,F,350
21 STF,21 ST,F,346
RECTOR ST1,RECTOR ST,1,425
CORTLANDT ST1,CORTLANDT ST,1,426
238 ST1,238 ST,1,6
138 ST-GR CONC45,138 ST-GR CONC,45,141
MT EDEN AV4,MT EDEN AV,4,262
176 ST4,176 ST,4,174
111 ST7,111 ST,7,190
BOWERYJZ,BOWERY,JZ,434
W 8 ST-AQUARIUMFQ,W 8 ST-AQUARIUM,FQ,198
BUSHWICK AVL,BUSHWICK AV,L,282
103 STBC,103 ST,BC,161
155 STBD,155 ST,BD,296
FLUSHING AVG,FLUSHING AV,G,364
CLINTON-WASH AVG,CLINTON-WASH AV,G,119
FULTON STG,FULTON ST,G,118
LEXINGTON AVF,LEXINGTON AV,F,351
CANAL ST1,CANAL ST,1,90
18 ST1,18 ST,1,203
SPRING ST6,SPRING ST,6,467
110 ST-CPN23,110 ST-CPN,23,160
116 ST23,116 ST,23,170
WHITLOCK AV6,WHITLOCK AV,6,52
ZEREGA AV6,ZEREGA AV,6,30
52 ST-LINCOLN7,52 ST-LINCOLN,7,236
METS-WILLETS PT7,METS-WILLETS PT,7,23
MORRIS PARK5,MORRIS PARK,5,125
3 AVL,3 AV,L,383
155 STC,155 ST,C,411
135 STBC,135 ST,BC,440
116 STBC,116 ST,BC,398
CATHEDRL-110 STBC,CATHEDRL-110 ST,BC,7
BEACH 67 STA,BEACH 67 ST,A,205
BEACH 60 STA,BEACH 60 ST,A,182
BEACH 44 STA,BEACH 44 ST,A,181
BEACH 36 STA,BEACH 36 ST,A,185
36 STMR,36 ST,MR,10
65 STMR,65 ST,MR,9
75 AVEF,75 AV,EF,164
JAMAICA-VAN WYCE,JAMAICA-VAN WYC,E,63
FRANKLIN ST1,FRANKLIN ST,1,464
145 ST3,145 ST,3,173
148 ST-LENOX3,148 ST-LENOX,3,261
COURT SQ7,COURT SQ,7,93
69 ST-FISK AV7,69 ST-FISK AV,7,230
ATLANTIC AVL,ATLANTIC AV,L,194
SUTTER AVL,SUTTER AV,L,73
LIVONIA AVL,LIVONIA AV,L,216
HEWES STJM,HEWES ST,JM,140
LORIMER STJM,LORIMER ST,JM,76
OXFORD-104 STA,OXFORD-104 ST,A,98
GREENWOOD-111A,GREENWOOD-111,A,83
LEFFERTS BLVDA,LEFFERTS BLVD,A,196
AQUEDUCT-N CNDTA,AQUEDUCT-N CNDT,A,243
BEACH 25 STA,BEACH 25 ST,A,186
COURT SQ-23 STEMG,COURT SQ-23 ST,EMG,66
COURT SQ-23 STEMG,COURT SQ-23 ST,EMG,153
COURT SQ-23 STEMG,COURT SQ-23 ST,EMG,152
COURT SQEMG,COURT SQ,EMG,153
COURT SQEMG,COURT SQ,EMG,152
COURT SQEMG,COURT SQ,EMG,66
VAN ALSTON-21STG,VAN ALSTON-21ST,G,154
PELHAM PARKWAY25,PELHAM PARKWAY,25,39
ALLERTON AV25,ALLERTON AV,25,257
BURKE AV25,BURKE AV,25,276
GUN HILL ROAD25,GUN HILL ROAD,25,40
219 ST25,219 ST,25,273
225 ST25,225 ST,25,248
233 ST25,233 ST,25,87
9 AVD,9 AV,D,390
FT HAMILTON PKYD,FT HAMILTON PKY,D,392
71 STD,71 ST,D,320
79 STD,79 ST,D,319
18 AVD,18 AV,D,322
20 AVD,20 AV,D,321
BAY PARKWAYD,BAY PARKWAY,D,314
NEW LOTS AVL,NEW LOTS AV,L,223
EAST 105 STL,EAST 105 ST,L,220
FLUSHING AVJM,FLUSHING AV,JM,372
MYRTLE AVJMZ,MYRTLE AV,JMZ,373
KOSCIUSZKO STJ,KOSCIUSZKO ST,J,300
GATES AVJZ,GATES AV,JZ,301
HALSEY STJ,HALSEY ST,J,75
GRANT AVA,GRANT AV,A,192
HUDSON-80 STA,HUDSON-80 ST,A,465
BOYD-88 STA,BOYD-88 ST,A,460
ROCKAWAY BLVDA,ROCKAWAY BLVD,A,104
174 ST25,174 ST,25,256
E TREMONT AV25,E TREMONT AV,25,272
E 180 ST25,E 180 ST,25,285
BRONX PARK EAST25,BRONX PARK EAST,25,44
8 AVN,8 AV,N,77
FT HAMILTON PKYN,FT HAMILTON PKY,N,312
18 AVN,18 AV,N,316
20 AVN,20 AV,N,315
BAY PKY-22 AVN,BAY PKY-22 AV,N,341
KINGS HIGHWAYN,KINGS HIGHWAY,N,332
AVENUE UN,AVENUE U,N,331
86 STN,86 ST,N,336
NEW UTRECHT AVND,NEW UTRECHT AV,ND,324
25 AVD,25 AV,D,313
BAY 50 STD,BAY 50 ST,D,335
CENTRAL AVM,CENTRAL AV,M,302
SENECA AVEM,SENECA AVE,M,234
FOREST AVEM,FOREST AVE,M,449
FRESH POND ROADM,FRESH POND ROAD,M,423
JACKSON AV25,JACKSON AV,25,253
PROSPECT AV25,PROSPECT AV,25,254
SIMPSON ST25,SIMPSON ST,25,43
FREEMAN ST25,FREEMAN ST,25,18
NYC & CO - 7 AV1,NYC & CO - 7 AV,1,3
PARK PLACES,PARK PLACE,S,82
BOTANIC GARDENS2345,BOTANIC GARDEN,S2345,281
KNICKERBOCKERM,KNICKERBOCKER,M,303
HOWARD BCH-JFKA,HOWARD BCH-JFK,A,242
BROAD CHANNELAS,BROAD CHANNEL,AS,99
BEACH 90 STAS,BEACH 90 ST,AS,17
BEACH 98 STAS,BEACH 98 ST,AS,183
BEACH 105 STAS,BEACH 105 ST,AS,16
ROCKAWAY PK 116AS,ROCKAWAY PK 116,AS,184
DITMAS AVF,DITMAS AV,F,69
AVENUE IF,AVENUE I,F,342
22 AV-BAY PKYF,22 AV-BAY PKY,F,339
AVENUE NF,AVENUE N,F,338
AVENUE PF,AVENUE P,F,337
AVENUE UF,AVENUE U,F,325
NEPTUNE AVF,NEPTUNE AV,F,333
MIDDLETOWN ROAD6,MIDDLETOWN ROAD,6,91
BUHRE AV6,BUHRE AV,6,26
PELHAM BAY PARK6,PELHAM BAY PARK,6,201
PELHAM PARKWAY5,PELHAM PARKWAY,5,126
DYRE AV5,DYRE AV,5,278
CHAUNCEY STJZ,CHAUNCEY ST,JZ,35
ALABAMA AVJ,ALABAMA AV,J,225
VAN SICLEN AVEJZ,VAN SICLEN AVE,JZ,12
CLEVELAND STJ,CLEVELAND ST,J,215
NORWOOD AVJZ,NORWOOD AV,JZ,13
CRESCENT STJZ,CRESCENT ST,JZ,227
RALPH AVC,RALPH AV,C,38
ROCKAWAY AVC,ROCKAWAY AV,C,117
LIBERTY AVC,LIBERTY AV,C,385
VAN SICLEN AVEC,VAN SICLEN AVE,C,214
SHEPHERD AVC,SHEPHERD AV,C,226
170 STBD,170 ST,BD,176
NEREID AV25,NEREID AV,25,41
138 ST-3 AV6,138 ST-3 AV,6,27
BROOK AV6,BROOK AV,6,292
CYPRESS AV6,CYPRESS AV,6,255
E 143 ST6,E 143 ST,6,258
E 149 ST6,E 149 ST,6,50
LONGWOOD AV6,LONGWOOD AV,6,250
WINTHROP ST25,WINTHROP ST,25,45
72 ST123,72 ST,123,162
23 ST-6 AVFM,23 ST-6 AV,FM,365
PROSPECT AVR,PROSPECT AV,R,381
25 STR,25 ST,R,393
HOYT ST23,HOYT ST,23,405
ORCHARD BEACH6,ORCHARD BEACH,6,201
MARCY AVJMZ,MARCY AV,JMZ,139
BROADWAY/LAFAYBDFQ6,BROADWAY/LAFAY,BDFQ6,433
AQUEDUCT TRACKA,AQUEDUCT TRACK,A,124
JFK HOWARD BCHA,JFK HOWARD BCH,A,242
JFK JAMAICA CT1E,JFK JAMAICA CT1,E,247
JFK JAMAICA CT2E,JFK JAMAICA CT2,E,247
INTERVALE-16325,INTERVALE-163,25,19
74 ST-BROADWAYEFMR7,74 ST-BROADWAY,EFMR7,231
74 ST-BROADWAYEFMR7,74 ST-BROADWAY,EFMR7,438
BAYCHESTER AV5,BAYCHESTER AV,5,277
NEW UTRECHT AVND,NEW UTRECHT AV,ND,323
125 STACBD,125 ST,ACBD,399
CANAL STJNQRZ6,CANAL ST,JNQRZ6,435
34 ST-HUDSON YD7,34 ST-HUDSON YD,7,470
96 ST-2 AVEQ,96 ST-2 AVE,Q,643
86 ST-2 AVEQ,86 ST-2 AVE,Q,642
72 ST-2 AVEQ,72 ST-2 AVE,Q,641
137 ST CITY COL1,137 ST-CITY COL,1,172
138/GRAND CONC45,138/GRAND CONC,45,141
14 ST-UNION SQ456LNQRW,14 ST-UNION SQ,456LNQRW,105
14 ST-UNION SQ456LNQRW,14 ST-UNION SQ,456LNQRW,379
14 ST-UNION SQ456LNQRW,14 ST-UNION SQ,456LNQRW,384
14 ST-UNION SQLNQR456W,14 ST-UNION SQ,LNQR456W,105
14 ST-UNION SQLNQR456W,14 ST-UNION SQ,LNQR456W,379
14 ST-UNION SQLNQR456W,14 ST-UNION SQ,LNQR456W,384
161/YANKEE STAD4BD,161/YANKEE STAD,4BD,48
161/YANKEE STADBD4,161/YANKEE STAD,BD4,48
168 ST1AC,168 ST,1AC,58
168 ST1AC,168 ST,1AC,177
168 STAC1,168 ST,AC1,58
168 STAC1,168 ST,AC1,177
174-175 STSBD,174-175 ST,SBD,21
182-183 STSBD,182-183 ST,SBD,20
21 ST-QNSBRIDGEF,21 ST-QNSBRIDGE,F,346
21 STG,21 ST,G,154
23 STFM,23 ST,FM,365
23 STNR,23 ST,NR,380
3 AVE 138 ST6,3 AVE 138 ST,6,27
3 AV 138 ST6,3 AV 138 ST,6,27
3 AVE-149 ST25,3 AVE-149 ST,25,290
3 AV-149 ST25,3 AV-149 ST,25,290
33 ST-RAWSON ST7,33 ST-RAWSON ST,7,293
34 ST-HERALD SQBDFMNQRW,34 ST-HERALD SQ,BDFMNQRW,145
34 ST-HERALD SQBDFMNQRW,34 ST-HERALD SQ,BDFMNQRW,366
36 AVNQ,36 AV,NQ,78
36 AVNQW,36 AV,NQW,78
39 AVNQ,36 AV,NQ,155
39 AVNQW,36 AV,NQW,155
4 AV-9 STDFGMNR,4 AV-9 ST,,374
4 AV-9 STDFGMNR,4 AV-9 ST,,382
40 ST LOWERY ST7,,,294
42 ST-PORT AUTHACENGRS1237,,,362
42 ST-PORT AUTHACENGRS1237W,,,362
42 ST-PORT AUTHACENQRS1237,,,362
42 ST-PORT AUTHACENQRS1237W,,,362
46 ST BLISS ST7,,,239
47-50 STS ROCKBDFM,,,349
49 STNQR,,,354
49 STNQRW,,,354
4AV-9 STDFGMNR,,,382
4AV-9 STDFGMNR,,,354
5 AV/53 STEM,,,142
5 AV/59 STNQR,,,356
5 AV/59 STNQRW,,,356
5 AVE7BDFM,,,466
52 ST7,,,236
57 ST-7 AVNQRW,,,355
59 ST COLUMBUS1ABCD,,,94
59 ST COLUMBUSABCD1,,,353
59 ST COLUMBUS1ABCD,,,353
59 ST COLUMBUSABCD1,,,94
59 ST456NQRW,,,357
59 ST456NQRW,,,49
59 STNQR456,,,49
59 STNQR456,,,357
59 STNQR456W,,,49
59 STNQR456W,,,357
59 STNRW,,,387
61 ST WOODSIDE7,,,54
68ST-HUNTER CO6,,,102
69 ST7,,,230
7 AVBDE,,,348
7 AVFG,,,108
74 ST-BROADWAY7EFMR,,,231
74 ST-BROADWAY7EFMR,,,438
75 ST-ELDERTSJZ,,,229
8 ST-NYUNR,,,401
8 ST-NYUNRW,,,401
80 STA,,,465
85 ST-FOREST PKJ,,,207
88 STA,,,460
9TH STREET1,,,
AQUEDUCT N.CONDA,,,243
AQUEDUCT RACETRA,,,124
ASTOR PL6,,,1
ASTORIA BLVDNQ,,,251
ASTORIA BLVDNQW,,,251
ASTORIA DITMARSNQ,,,252
ASTORIA DITMARSNQW,,,252
ATL AV-BARCLAY2345BDNQR,,,116
ATL AV-BARCLAY2345BDNQR,,,121
ATL AV-BARCLAY2345BDNQR,,,122
ATL AV-BARCLAYBDNQR2345,,,116
ATL AV-BARCLAYBDNQR2345,,,121
ATL AV-BARCLAYBDNQR2345,,,122
AVENUE JBQ,,,343
AVENUE MBQ,,,340
AVENUE UBQ,,,329
B'WAY-LAFAYETTEBDFQ6,,,433
BAY PKWYD,,,314
BAY PKWYF,,,339
BAY PKWYN,,,341
BEDFORD PK BLVD4,,,260
BEDFORD PK BLVDBD,,,265
BEDFORD-NOSTRANG,,,106
BEVERLY RD25,,,130
BOROUGH HALL2345R,,,406
BOROUGH HALL2345R,,,123
BOROUGH HALLR2345,,,123
BOROUGH HALLR2345,,,406
BRIARWOODEF,,,244
BROADWAY JCTACJLZ,,,386
BROADWAY JCTACJLZ,,,283
BROADWAY JCTACJLZ,,,224
BROADWAYNQ,,,79
BROADWAYNQW,,,79
CANAL STJNQRZ6W,,,417
CANAL STJNQRZ6W,,,415
CANAL STJNQRZ6W,,,2
CANARSIE-ROCKAWL,,,219
CATHEDRAL PKWY1,,,166
CATHEDRAL PKWYBC,,,7
CENTRAL PK N11023,,,160
CITY / BUS1,,,
CITY HALLNRW,,,416
CITY HALLR,,,416
CONEY IS-STILLWDFNQ,,,469
CORTELYOU RDBQ,,,461
CORTLANDT STRNW,,,429
DELANCEY/ESSEXFJMZ,,,370
DELANCEY/ESSEXFJMZ,,,11
DYCKMAN STA,,,431
E 143/ST MARY'S6,,,258
EASTCHSTER/DYRE5,,,278
EASTN PKWY-MUSM23,,,129
FLATBUSH AV-B.C25,,,133
FLUSHING-MAIN7,,,25
FORDHAM RD4,,,408
FORDHAM RDBD,,,263
FOREST HILLS 71EFMR,,,245
FRESH POND RDM,,,423
GRAND-NEWTOWNMR,,,68
GRD CNTRL-42 ST4567S,,,31
GRD CNTRL-42 ST4567S,,,204
GRD CNTRL-42 ST4567S,,,81
GUN HILL RD25,,,40
GUN HILL RD5,,,284
HARLEM 148 ST3,,,261
HOWARD BCH JFKA,,,242
HOYT-SCHERACG,,,367
INTERVALE AV25,,,19
JAMAICA 179 STF,,,279
JAMAICA VAN WKE,,,63
JKSN HT-ROOSVLTEFMR7,,,231
JKSN HT-ROOSVLTEFMR7,,,438
KEW GARDENSEF,,,64
KINGS HWYBQ,,,330
KINGS HWYF,,,326
KINGS HWYN,,,332
LEXINGTON AV/53EM6,,,143
LEXINGTON AV/63F,,,351
LORIMER STLG,,,72
MIDDLETOWN RD6,,,91
MORISN AV/SNDVW6,,,51
MOSHOLU PKWY4,,,274
MYRTLE-WYCKOFFLM,,,212
MYRTLE-WYCKOFFLM,,,233
NASSAU STG,,,137
NECK RDBQ,,,345
NEW LOTSL,,,223
NEWKIRK PLAZABQ,,,113
NORWOOD 205 STD,,,275
OCEAN PKWYQ,,,100
OZONE PK LEFFRTA,,,196
PARKCHESTER6,,,463
PELHAM PKWY25,,,39
PELHAM PKWY5,,,126
PRINCE STNR,,,400
PRINCE STNRW,,,400
QUEENSBORO PLZ7NQW,,,103
RECTOR STNRW,,,422
ROCKAWAY PARK BAS,,,184
ROOSEVELT ISLNDF,,,352
SOUTH FERRY1R,,,418
SOUTH FERRY1RW,,,418
SUTPHIN-ARCHERE,,,65
SUTPHIN-ARCHEREJZ,,,65
SUTTER AV-RUTLD3,,,222
TIMES SQ-42 ST1237ACENQRS,,,80
TIMES SQ-42 ST1237ACENQRS,,,147
TIMES SQ-42 ST1237ACENQRS,,,197
TIMES SQ-42 ST1237ACENQRS,,,359
TIMES SQ-42 ST1237ACENQRSW,,,80
TIMES SQ-42 ST1237ACENQRSW,,,147
TIMES SQ-42 ST1237ACENQRSW,,,197
TIMES SQ-42 ST1237ACENQRSW,,,359
TIMES SQ-42 STACENQRS1237,,,80
TIMES SQ-42 STACENQRS1237,,,147
TIMES SQ-42 STACENQRS1237,,,197
TIMES SQ-42 STACENQRS1237,,,359
TIMES SQ-42 STACENQRS1237W,,,80
TIMES SQ-42 STACENQRS1237W,,,147
TIMES SQ-42 STACENQRS1237W,,,197
TIMES SQ-42 STACENQRS1237W,,,359
V.CORTLANDT PK1,,,271
VAN SICLEN AV3,,,46
VAN SICLEN AVJZ,,,12
VERNON-JACKSON7,,,101
WAKEFIELD/2412,,,280
WEST FARMS SQ25,,,272
WHITEHALL S-FRYR1,,,421
WHITEHALL S-FRYR1W,,,421
WOODLAWN4,,,456
WORLD TRADE CTRACE23,,,409
23 STNRW,,,380
28 STNR,,,144
28 STNRW,,,144
30 AVNQ,,,304
30 AVNQW,,,304
42 ST-PA BUS TEACENGRS1237,,,362
74 ST-BROADWAY7EFMR,,,231
74 ST-BROADWAY7EFMR,,,438
BARCLAYS CENTER2345BDNQR,,,116
BARCLAYS CENTER2345BDNQR,,,121
BARCLAYS CENTER2345BDNQR,,,122
BARCLAYS CENTERBDNQR2345,,,116
BARCLAYS CENTERBDNQR2345,,,121
BARCLAYS CENTERBDNQR2345,,,122
CITY HALLR,,,416
LEXINGTON AVENQR456,,,49
LEXINGTON AVENQR456,,,357
LORIMER STLG,,,72
NEWKIRK PLAZABQ,,,113
SOUTH FERRY1R,,,418
WORLD TRADE CTRACE23,,,409
WTC-CORTLANDT1,,,426
